<?xml version="1.0" encoding="utf-8"?>
<mosinstall type="component">
	<name>JomComment</name>
	<creationDate>2008-09-30</creationDate>
	<author>AzrulStudio</author>
	<copyright>Copyright 2008 by Azrul Rahim. All rights reserved!</copyright>
	<authorEmail>support@azrul.com</authorEmail>
	<authorUrl>http://www.azrul.com</authorUrl>
	<version>3.0 Build 561</version>
	<scoutProject>Jom Comment</scoutProject>
	<description>Jom Comment is an advance joomla comment system</description>
	<files>
		<filename>admin.zip</filename>
		<filename>sys.zip</filename>
		<filename>bot.zip</filename>
		<filename>azrul.zip</filename>
		<filename>cmslib.zip</filename>
	</files>
	<install>
		<queries></queries>
	</install>
	<uninstall>
		<queries></queries>
	</uninstall>
	<installfile>install.jomcomment.php</installfile>
	<uninstallfile>uninstall.jomcomment.php</uninstallfile>
	<administration>
		<menu>Jom Comment</menu>
		<files>
			<filename>install.jomcomment.php</filename>
			<filename>uninstall.jomcomment.php</filename>
			<filename>install.sql.php</filename>
			<filename>com.zip</filename>
		</files>
	</administration>
</mosinstall>
